DELETE `data_types`;
INSERT INTO `data_types` (`id`, `name`, `slug`, `display_name_singular`, `display_name_plural`, `icon`, `model_name`, `policy_name`, `controller`, `description`, `generate_permissions`, `server_side`, `details`, `created_at`, `updated_at`) VALUES
(1, 'users', 'users', 'Utilisateur', 'Utilisateurs', 'voyager-person', 'TCG\\Voyager\\Models\\User', 'TCG\\Voyager\\Policies\\UserPolicy', 'TCG\\Voyager\\Http\\Controllers\\VoyagerUserController', NULL, 1, 0, '{\"order_column\":null,\"order_display_column\":null,\"order_direction\":\"desc\",\"default_search_key\":null,\"scope\":null}', '2021-06-01 11:15:51', '2021-06-01 21:09:24'),
(2, 'menus', 'menus', 'Menu', 'Menus', 'voyager-list', 'TCG\\Voyager\\Models\\Menu', NULL, '', '', 1, 0, NULL, '2021-06-01 11:15:51', '2021-06-01 11:15:51'),
(3, 'roles', 'roles', 'Rôle', 'Rôles', 'voyager-lock', 'TCG\\Voyager\\Models\\Role', NULL, 'TCG\\Voyager\\Http\\Controllers\\VoyagerRoleController', '', 1, 0, NULL, '2021-06-01 11:15:51', '2021-06-01 11:15:51'),
(6, 'artists', 'artists', 'Artist', 'Artists', '[', 'App\\Models\\Artist', NULL, NULL, NULL, 1, 0, '{\"order_column\":null,\"order_display_column\":null,\"order_direction\":\"asc\",\"default_search_key\":null}', '2021-06-01 16:31:51', '2021-06-01 16:31:51'),
(7, 'localities', 'localities', 'Locality', 'Localities', NULL, 'App\\Models\\Locality', NULL, NULL, NULL, 1, 0, '{\"order_column\":null,\"order_display_column\":null,\"order_direction\":\"asc\",\"default_search_key\":null,\"scope\":null}', '2021-06-01 16:58:40', '2021-06-01 20:57:12'),
(8, 'locations', 'locations', 'Location', 'Locations', NULL, 'App\\Models\\Location', NULL, NULL, NULL, 1, 0, '{\"order_column\":null,\"order_display_column\":null,\"order_direction\":\"asc\",\"default_search_key\":null,\"scope\":null}', '2021-06-01 16:59:09', '2021-06-01 21:01:32'),
(9, 'types', 'types', 'Type', 'Types', NULL, 'App\\Models\\Type', NULL, NULL, NULL, 1, 0, '{\"order_column\":null,\"order_display_column\":null,\"order_direction\":\"asc\",\"default_search_key\":null,\"scope\":null}', '2021-06-01 16:59:40', '2021-06-01 21:03:20'),
(10, 'artist_type', 'artist-type', 'Artist Type', 'Artist Types', NULL, 'App\\Models\\ArtistType', NULL, NULL, NULL, 1, 0, '{\"order_column\":null,\"order_display_column\":null,\"order_direction\":\"asc\",\"default_search_key\":null,\"scope\":null}', '2021-06-01 17:00:21', '2021-06-01 20:54:22'),
(11, 'shows', 'shows', 'Show', 'Shows', NULL, 'App\\Models\\Show', NULL, NULL, NULL, 1, 0, '{\"order_column\":null,\"order_display_column\":null,\"order_direction\":\"desc\",\"default_search_key\":\"id\",\"scope\":null}', '2021-06-01 17:15:52', '2021-06-01 21:12:21'),
(12, 'representations', 'representations', 'Representation', 'Representations', NULL, 'App\\Models\\Representation', NULL, NULL, NULL, 1, 0, '{\"order_column\":null,\"order_display_column\":null,\"order_direction\":\"asc\",\"default_search_key\":null,\"scope\":null}', '2021-06-01 17:17:00', '2021-06-01 21:20:47'),
(15, 'representation_user', 'representation-user', 'Representation User', 'Representation Users', NULL, 'App\\Models\\RepresentationUser', NULL, NULL, NULL, 1, 0, '{\"order_column\":null,\"order_display_column\":null,\"order_direction\":\"asc\",\"default_search_key\":null,\"scope\":null}', '2021-06-01 20:41:20', '2021-06-01 21:20:04');

DELETE `menus`;
INSERT INTO `menus` (`id`, `name`, `created_at`, `updated_at`) VALUES
(1, 'admin', '2021-06-01 11:15:52', '2021-06-01 11:15:52'),
(2, 'user', '2021-06-01 15:51:11', '2021-06-01 15:51:11');

DELETE `menu_items`;
INSERT INTO `menu_items` (`id`, `menu_id`, `title`, `url`, `target`, `icon_class`, `color`, `parent_id`, `order`, `created_at`, `updated_at`, `route`, `parameters`) VALUES
(1, 1, 'Tableau de bord', '', '_self', '', NULL, NULL, 1, '2021-06-01 11:15:52', '2021-06-01 11:15:52', 'voyager.dashboard', NULL),
(2, 1, 'Médiathèque', '', '_self', 'voyager-images', NULL, 5, 1, '2021-06-01 11:15:52', '2021-06-01 21:43:10', 'voyager.media.index', NULL),
(3, 1, 'Utilisateurs', '', '_self', 'voyager-person', NULL, 25, 1, '2021-06-01 11:15:52', '2021-06-03 07:44:10', 'voyager.users.index', NULL),
(4, 1, 'Rôles', '', '_self', 'voyager-lock', NULL, 25, 2, '2021-06-01 11:15:52', '2021-06-03 07:44:15', 'voyager.roles.index', NULL),
(5, 1, 'Outils', '', '_self', 'voyager-tools', NULL, NULL, 4, '2021-06-01 11:15:52', '2021-06-03 07:44:10', NULL, NULL),
(6, 1, 'Créateur de menus', '', '_self', 'voyager-list', NULL, 5, 2, '2021-06-01 11:15:52', '2021-06-01 21:43:10', 'voyager.menus.index', NULL),
(7, 1, 'Base de données', '', '_self', 'voyager-data', NULL, 5, 3, '2021-06-01 11:15:52', '2021-06-01 21:43:10', 'voyager.database.index', NULL),
(8, 1, 'Compass', '', '_self', 'voyager-compass', NULL, 5, 4, '2021-06-01 11:15:52', '2021-06-01 21:43:10', 'voyager.compass.index', NULL),
(9, 1, 'BREAD', '', '_self', 'voyager-bread', NULL, 5, 5, '2021-06-01 11:15:52', '2021-06-01 21:43:10', 'voyager.bread.index', NULL),
(10, 1, 'Paramètres', '', '_self', 'voyager-settings', NULL, NULL, 6, '2021-06-01 11:15:52', '2021-06-03 07:44:10', 'voyager.settings.index', NULL),
(11, 1, 'Hooks', '', '_self', 'voyager-hook', NULL, NULL, 5, '2021-06-01 11:15:52', '2021-06-03 07:44:10', 'voyager.hooks', NULL),
(13, 1, 'Artists', '', '_self', '[', NULL, 21, 4, '2021-06-01 16:31:52', '2021-06-01 21:25:55', 'voyager.artists.index', NULL),
(14, 1, 'Localities', '', '_self', NULL, NULL, 21, 6, '2021-06-01 16:58:41', '2021-06-01 21:26:06', 'voyager.localities.index', NULL),
(15, 1, 'Locations', '', '_self', NULL, NULL, 21, 5, '2021-06-01 16:59:09', '2021-06-01 21:26:06', 'voyager.locations.index', NULL),
(16, 1, 'Types', '', '_self', NULL, NULL, 21, 7, '2021-06-01 16:59:40', '2021-06-01 21:25:55', 'voyager.types.index', NULL),
(17, 1, 'Artist Types', '', '_self', NULL, NULL, 21, 8, '2021-06-01 17:00:21', '2021-06-01 21:25:55', 'voyager.artist-type.index', NULL),
(18, 1, 'Shows', '', '_self', NULL, NULL, 21, 3, '2021-06-01 17:15:52', '2021-06-01 21:25:55', 'voyager.shows.index', NULL),
(19, 1, 'Representations', '', '_self', NULL, NULL, 21, 2, '2021-06-01 17:17:00', '2021-06-01 21:25:52', 'voyager.representations.index', NULL),
(20, 1, 'Representation Users', '', '_self', NULL, NULL, 21, 1, '2021-06-01 20:41:20', '2021-06-01 21:25:48', 'voyager.representation-user.index', NULL),
(21, 1, 'Données', '', '_self', 'voyager-folder', '#000000', NULL, 2, '2021-06-01 21:22:48', '2021-06-01 21:27:04', NULL, ''),
(22, 2, 'CustomLink', '', '_blank', 'voyager-eye', '#000000', NULL, 1, '2021-06-01 21:40:07', '2021-06-01 21:40:30', 'home', NULL),
(23, 1, 'Vers le site', '', '_blank', 'voyager-eye', '#000000', NULL, 7, '2021-06-01 21:41:33', '2021-06-03 07:44:10', 'home', NULL),
(24, 1, 'Données', '', '_self', NULL, '#000000', NULL, 8, '2021-06-03 06:04:37', '2021-06-03 07:44:10', NULL, ''),
(25, 1, 'Utilisateurs', '', '_self', 'voyager-person', '#000000', NULL, 3, '2021-06-03 07:43:59', '2021-06-03 07:44:07', NULL, '');

DELETE `permissions`;
INSERT INTO `permissions` (`id`, `key`, `table_name`, `created_at`, `updated_at`) VALUES
(1, 'browse_admin', NULL, '2021-06-01 11:15:52', '2021-06-01 11:15:52'),
(2, 'browse_bread', NULL, '2021-06-01 11:15:52', '2021-06-01 11:15:52'),
(3, 'browse_database', NULL, '2021-06-01 11:15:52', '2021-06-01 11:15:52'),
(4, 'browse_media', NULL, '2021-06-01 11:15:52', '2021-06-01 11:15:52'),
(5, 'browse_compass', NULL, '2021-06-01 11:15:52', '2021-06-01 11:15:52'),
(6, 'browse_menus', 'menus', '2021-06-01 11:15:52', '2021-06-01 11:15:52'),
(7, 'read_menus', 'menus', '2021-06-01 11:15:52', '2021-06-01 11:15:52'),
(8, 'edit_menus', 'menus', '2021-06-01 11:15:52', '2021-06-01 11:15:52'),
(9, 'add_menus', 'menus', '2021-06-01 11:15:52', '2021-06-01 11:15:52'),
(10, 'delete_menus', 'menus', '2021-06-01 11:15:52', '2021-06-01 11:15:52'),
(11, 'browse_roles', 'roles', '2021-06-01 11:15:52', '2021-06-01 11:15:52'),
(12, 'read_roles', 'roles', '2021-06-01 11:15:52', '2021-06-01 11:15:52'),
(13, 'edit_roles', 'roles', '2021-06-01 11:15:52', '2021-06-01 11:15:52'),
(14, 'add_roles', 'roles', '2021-06-01 11:15:52', '2021-06-01 11:15:52'),
(15, 'delete_roles', 'roles', '2021-06-01 11:15:52', '2021-06-01 11:15:52'),
(16, 'browse_users', 'users', '2021-06-01 11:15:52', '2021-06-01 11:15:52'),
(17, 'read_users', 'users', '2021-06-01 11:15:52', '2021-06-01 11:15:52'),
(18, 'edit_users', 'users', '2021-06-01 11:15:52', '2021-06-01 11:15:52'),
(19, 'add_users', 'users', '2021-06-01 11:15:52', '2021-06-01 11:15:52'),
(20, 'delete_users', 'users', '2021-06-01 11:15:52', '2021-06-01 11:15:52'),
(21, 'browse_settings', 'settings', '2021-06-01 11:15:52', '2021-06-01 11:15:52'),
(22, 'read_settings', 'settings', '2021-06-01 11:15:52', '2021-06-01 11:15:52'),
(23, 'edit_settings', 'settings', '2021-06-01 11:15:52', '2021-06-01 11:15:52'),
(24, 'add_settings', 'settings', '2021-06-01 11:15:52', '2021-06-01 11:15:52'),
(25, 'delete_settings', 'settings', '2021-06-01 11:15:52', '2021-06-01 11:15:52'),
(26, 'browse_hooks', NULL, '2021-06-01 11:15:52', '2021-06-01 11:15:52'),
(32, 'browse_artists', 'artists', '2021-06-01 16:31:52', '2021-06-01 16:31:52'),
(33, 'read_artists', 'artists', '2021-06-01 16:31:52', '2021-06-01 16:31:52'),
(34, 'edit_artists', 'artists', '2021-06-01 16:31:52', '2021-06-01 16:31:52'),
(35, 'add_artists', 'artists', '2021-06-01 16:31:52', '2021-06-01 16:31:52'),
(36, 'delete_artists', 'artists', '2021-06-01 16:31:52', '2021-06-01 16:31:52'),
(37, 'browse_localities', 'localities', '2021-06-01 16:58:40', '2021-06-01 16:58:40'),
(38, 'read_localities', 'localities', '2021-06-01 16:58:41', '2021-06-01 16:58:41'),
(39, 'edit_localities', 'localities', '2021-06-01 16:58:41', '2021-06-01 16:58:41'),
(40, 'add_localities', 'localities', '2021-06-01 16:58:41', '2021-06-01 16:58:41'),
(41, 'delete_localities', 'localities', '2021-06-01 16:58:41', '2021-06-01 16:58:41'),
(42, 'browse_locations', 'locations', '2021-06-01 16:59:09', '2021-06-01 16:59:09'),
(43, 'read_locations', 'locations', '2021-06-01 16:59:09', '2021-06-01 16:59:09'),
(44, 'edit_locations', 'locations', '2021-06-01 16:59:09', '2021-06-01 16:59:09'),
(45, 'add_locations', 'locations', '2021-06-01 16:59:09', '2021-06-01 16:59:09'),
(46, 'delete_locations', 'locations', '2021-06-01 16:59:09', '2021-06-01 16:59:09'),
(47, 'browse_types', 'types', '2021-06-01 16:59:40', '2021-06-01 16:59:40'),
(48, 'read_types', 'types', '2021-06-01 16:59:40', '2021-06-01 16:59:40'),
(49, 'edit_types', 'types', '2021-06-01 16:59:40', '2021-06-01 16:59:40'),
(50, 'add_types', 'types', '2021-06-01 16:59:40', '2021-06-01 16:59:40'),
(51, 'delete_types', 'types', '2021-06-01 16:59:40', '2021-06-01 16:59:40'),
(52, 'browse_artist_type', 'artist_type', '2021-06-01 17:00:21', '2021-06-01 17:00:21'),
(53, 'read_artist_type', 'artist_type', '2021-06-01 17:00:21', '2021-06-01 17:00:21'),
(54, 'edit_artist_type', 'artist_type', '2021-06-01 17:00:21', '2021-06-01 17:00:21'),
(55, 'add_artist_type', 'artist_type', '2021-06-01 17:00:21', '2021-06-01 17:00:21'),
(56, 'delete_artist_type', 'artist_type', '2021-06-01 17:00:21', '2021-06-01 17:00:21'),
(57, 'browse_shows', 'shows', '2021-06-01 17:15:52', '2021-06-01 17:15:52'),
(58, 'read_shows', 'shows', '2021-06-01 17:15:52', '2021-06-01 17:15:52'),
(59, 'edit_shows', 'shows', '2021-06-01 17:15:52', '2021-06-01 17:15:52'),
(60, 'add_shows', 'shows', '2021-06-01 17:15:52', '2021-06-01 17:15:52'),
(61, 'delete_shows', 'shows', '2021-06-01 17:15:52', '2021-06-01 17:15:52'),
(62, 'browse_representations', 'representations', '2021-06-01 17:17:00', '2021-06-01 17:17:00'),
(63, 'read_representations', 'representations', '2021-06-01 17:17:00', '2021-06-01 17:17:00'),
(64, 'edit_representations', 'representations', '2021-06-01 17:17:00', '2021-06-01 17:17:00'),
(65, 'add_representations', 'representations', '2021-06-01 17:17:00', '2021-06-01 17:17:00'),
(66, 'delete_representations', 'representations', '2021-06-01 17:17:00', '2021-06-01 17:17:00'),
(67, 'browse_representation_user', 'representation_user', '2021-06-01 20:41:20', '2021-06-01 20:41:20'),
(68, 'read_representation_user', 'representation_user', '2021-06-01 20:41:20', '2021-06-01 20:41:20'),
(69, 'edit_representation_user', 'representation_user', '2021-06-01 20:41:20', '2021-06-01 20:41:20'),
(70, 'add_representation_user', 'representation_user', '2021-06-01 20:41:20', '2021-06-01 20:41:20'),
(71, 'delete_representation_user', 'representation_user', '2021-06-01 20:41:20', '2021-06-01 20:41:20');


DELETE `permission_role`;
INSERT INTO `permission_role` (`permission_id`, `role_id`) VALUES
(1, 1),
(1, 2),
(2, 1),
(3, 1),
(4, 1),
(5, 1),
(6, 1),
(7, 1),
(8, 1),
(9, 1),
(10, 1),
(11, 1),
(12, 1),
(13, 1),
(14, 1),
(15, 1),
(16, 1),
(17, 1),
(18, 1),
(19, 1),
(20, 1),
(21, 1),
(22, 1),
(23, 1),
(24, 1),
(25, 1),
(32, 1),
(33, 1),
(34, 1),
(35, 1),
(36, 1),
(37, 1),
(38, 1),
(39, 1),
(40, 1),
(41, 1),
(42, 1),
(43, 1),
(44, 1),
(45, 1),
(46, 1),
(47, 1),
(48, 1),
(49, 1),
(50, 1),
(51, 1),
(52, 1),
(53, 1),
(54, 1),
(55, 1),
(56, 1),
(57, 1),
(58, 1),
(59, 1),
(60, 1),
(61, 1),
(62, 1),
(63, 1),
(64, 1),
(65, 1),
(66, 1),
(67, 1),
(68, 1),
(69, 1),
(70, 1),
(71, 1);

DELETE `roles`;
INSERT INTO `roles` (`id`, `name`, `display_name`, `created_at`, `updated_at`) VALUES
(1, 'admin', 'Administrator', '2021-06-01 11:12:25', '2021-06-01 11:12:25'),
(2, 'user', 'Utilisateur standard', '2021-06-01 11:15:52', '2021-06-01 11:15:52'),
(3, 'affiliate', 'Utilisateur possédant des droits spéciaux', '2021-06-01 11:15:52', '2021-06-01 11:15:52');

DELETE `settings`;
INSERT INTO `settings` (`id`, `key`, `display_name`, `value`, `details`, `type`, `order`, `group`) VALUES
(1, 'site.title', 'Titre du site', 'Réservations', '', 'text', 1, 'Site'),
(2, 'site.description', 'Description du site', 'Boutique de réservations de place de théâtre.', '', 'text', 2, 'Site'),
(3, 'site.logo', 'Logo du site', 'settings\\June2021\\JBCo5DCNAAaRxnnc6ck8.png', '', 'image', 3, 'Site'),
(4, 'site.google_analytics_tracking_id', 'Google Analytics ID de Tracking', NULL, '', 'text', 4, 'Site'),
(5, 'admin.bg_image', 'Image de fond de l\'espace admin', 'settings\\June2021\\tB6Pl0bEmzyp1k8cEotw.jpeg', '', 'image', 5, 'Admin'),
(6, 'admin.title', 'Titre de l\'espace admin', 'Administration', '', 'text', 1, 'Admin'),
(7, 'admin.description', 'Description de l\'espace admin', 'Bienvenue dans le panneau d\'administration du site Réservations.', '', 'text', 2, 'Admin'),
(8, 'admin.loader', 'Chargement de l\'espace admin', 'settings\\June2021\\7F9juZ6xdRHKy7P6T0gP.png', '', 'image', 3, 'Admin'),
(9, 'admin.icon_image', 'Icône de l\'espace admin', 'settings\\June2021\\fQBEz7zg1KX51ilm7STb.png', '', 'image', 4, 'Admin'),
(10, 'admin.google_analytics_client_id', 'Google Analytics ID Client (Utilisé pour le panneau d\'administration)', NULL, '', 'text', 1, 'Admin');


